[
    {
      "url": "/logos/1.svg",
      "alt": "Image 1 Description"
    },
    {
      "url": "/logos/2.svg",
      "alt": "Image 2 Description"
    },
    {
      "url": "/logos/3.svg",
      "alt": "Image 3 Description"
    },
    {
        "url": "/logos/4.svg",
        "alt": "Image 3 Description"
      },
      {
        "url": "/logos/5.svg",
        "alt": "Image 3 Description"
      },
      {
        "url": "/logos/6.svg",
        "alt": "Image 3 Description"
      },
      {
        "url": "/logos/7.svg",
        "alt": "Image 3 Description"
      },
      {
        "url": "/logos/8.svg",
        "alt": "Image 3 Description"
      },
      {
        "url": "/logos/9.svg",
        "alt": "Image 3 Description"
      },
      {
        "url": "/logos/10.svg",
        "alt": "Image 3 Description"
      },
      {
        "url": "/logos/11.svg",
        "alt": "Image 3 Description"
      },
      {
        "url": "/logos/12.svg",
        "alt": "Image 3 Description"
      }
  ]
  