{
    "arabic": {
      "title": "يسعدنا في شركة كال القيمة للتقييم العقاري خدمتكم في جميع مناطق ومدن المملكة العربية السعودية.",
      "buttonName": "تواصل معنا لإجراء تقييم عقاري"
    },
    "english": {
      "title": "We are pleased at Qal Alqima Real Estate Valuation Company to serve you in all regions and cities of the Kingdom of Saudi Arabia.",
      "buttonName": "Contact us for a property valuation"
    }
  }
  