{
  "arabic": [
    {
      "title": "عن الشركة",
      "link": "About Us"
    },
    {
      "title": "أعمالنا",
      "link": "Our Customers"
    },
    {
      "title": "طلب تقييم",
      "link": "pages/request-evaluation"
    },
    {
      "title": "تواصل معنا",
      "link": "Contact Us"
    }
  ],
  "english": [
    {
      "title": "About Us",
      "link": "About Us"
    },
    {
      "title": "Our Customers",
      "link": "Our Customers"
    },
    {
      "title": "Request Evaluation",
      "link": "pages/request-evaluation"
    },
    {
      "title": "Contact Us",
      "link": "Contact Us"
    }
  ]
}