{
  "arabic": [
    {
      "title": "عن الشركة",
      "link": "about-us"
    },
    {
      "title": "أعمالنا",
      "link": "our-services"
    },
    {
      "title": "طلب تقييم",
      "link": "request-evaluation"
    },
    {
      "title": "تواصل معنا",
      "link": "contact-us"
    }
  ],
  "english": [
    {
      "title": "About Us",
      "link": "about-us"
    },
    {
      "title": "Our Services",
      "link": "our-services"
    },
    {
      "title": "Request Evaluation",
      "link": "request-evaluation"
    },
    {
      "title": "Contact Us",
      "link": "contact-us"
    }
  ]
}
